Theta0,Theta1
8375.469933308948,-0.02071577543687613
